"id","age","gender","medicated","previous_therapy","pre_anxiety","post_anxiety"
1.0,24.7204853823815,1,1,0,42.5521423864673,45.7342742998858
2.0,37.3623996720996,2,1,0,33.2444624036315,28.0671455026372
3.0,30.2787191591892,2,1,0,52.9681867856232,48.9760963882582
4.0,23.9134127314772,1,0,0,54.1710695562171,29.4340989216618
5.0,29.7938643315678,0,1,0,47.748639909636,30.0195793741293
6.0,24.3582806783989,1,1,0,47.1893710043457,20.2458679625374
7.0,23.2536122844875,2,0,0,55.5532108445806,34.8791454750564
8.0,28.6944918846919,0,1,0,38.9315502615611,38.3879734052529
9.0,34.7673272275241,2,1,0,51.5100099992121,42.9030109098468
10.0,30.6432221502332,2,0,0,59.4879262543112,32.5862780657167
11.0,33.282337569427,2,0,1,62.0752448652302,44.4309470022457
12.0,24.1609031763668,2,1,0,51.9438776432638,17.4967770556257
13.0,27.6969741024692,1,1,0,42.4995639481003,34.3824909522783
14.0,28.6878002358083,0,1,0,50.0525109111396,12.2193306437848
15.0,23.9342396575305,2,1,0,56.5325490175357,28.8117474688905
16.0,23.4028150094523,2,0,1,66.8549770731281,45.1653581376851
17.0,34.6560875749772,2,0,1,71.1314081776137,26.8246086891044
18.0,30.0562244819207,0,0,0,59.2533301354322,54.6978184718978
19.0,26.7742709215442,2,1,0,53.259570510192,35.323648216547
20.0,34.0286439655619,1,0,0,54.9569827156639,41.8871443876931
21.0,31.1581300539022,0,0,1,74.7645247367439,36.5218385307884
22.0,25.05120164159,0,0,1,74.2744798900972,25.3598912306941
23.0,36.6979285030519,0,1,0,42.5065857055203,24.7044199786643
24.0,31.4475101726921,0,1,0,47.4271570192296,46.1060287673248
25.0,37.3945852884064,2,0,1,61.9499492624447,46.9982566779648
26.0,35.6901400642919,2,0,1,62.559406788884,42.0973415912595
27.0,26.5793070743183,0,1,0,42.9430615253076,23.6312637893786
28.0,23.5403197751703,2,0,1,71.9011487204949,59.7010089285161
29.0,29.6353686186818,2,0,1,74.1344449497535,48.2035013944552
30.0,28.3470056005362,2,0,1,64.1889912088118,45.2554598476071
31.0,25.781861804226,0,0,1,65.7922362268503,36.5879067008381
32.0,32.4888483209139,2,0,0,60.1791813158862,39.5056371530457
33.0,37.4424523545174,0,0,1,68.8043858374895,39.4238288434652
34.0,27.2676205261619,2,0,0,59.2378214064524,54.7808414671411
35.0,25.7662091805847,0,1,0,48.8611330439501,20.2069038054141
36.0,28.7683173595755,1,1,0,31.494292600726,50.0924397686693
37.0,33.3151207292795,2,0,1,67.246386797711,52.6411914898635
38.0,25.7290131276551,2,1,0,43.6800654523102,33.5064450917477
39.0,23.9934259233048,2,0,1,63.0342444693732,36.1973599785805
40.0,29.4006528597131,1,0,0,55.0379519996711,31.710249004562
41.0,29.6735299257921,0,0,1,72.5564838790246,34.9644573846325
42.0,32.4264777795827,0,1,0,47.3276512536911,17.1846581654825
43.0,27.0225454869026,2,1,0,49.0804070410891,28.6510874317043
44.0,29.2516612808776,2,1,1,68.9129867109071,19.1083786080537
45.0,27.8262403442373,1,1,0,46.5240489210507,31.8899078232715
46.0,29.6033488848829,2,0,0,49.6836346667498,25.3639354717023
47.0,37.6757613306107,0,1,0,48.8158225501437,26.0850965267736
48.0,26.9675857036137,2,1,0,60.6329311011904,25.0378178784564
49.0,23.2631866307488,0,0,1,80.6340061318454,44.6080839887907
50.0,32.3469155993317,1,0,1,68.6815503443364,31.7885831306423
51.0,25.4821652869111,0,1,0,44.5204317530931,33.5383725649954
52.0,30.1793981936474,1,1,0,49.9613266834113,25.4322049578661
53.0,26.8623439001658,0,1,0,33.8751150022962,52.3120445617943
54.0,32.6769897712455,0,1,0,38.5294423554646,8.9026464603193
55.0,32.7644175871191,2,0,1,61.2167880372659,37.9833326540321
56.0,28.9815476021632,0,1,0,60.5284684847009,40.0773666666934
57.0,19.728376597217,0,0,0,53.9235086910282,63.3630842280531
58.0,30.6628036570864,0,0,1,61.8821267604869,39.5461370324833
59.0,37.9647035188301,0,0,0,56.774406983636,41.8682332812649
60.0,35.0920589431236,2,0,1,85.0928748595239,40.8388150664949
61.0,22.0979875034842,0,1,1,62.5767318048653,18.6303040724638
62.0,29.6066904032027,1,1,0,51.8292648697967,26.4585649851932
63.0,26.5917156999882,0,0,1,60.8677601063098,44.808804885233
64.0,24.8772347128548,2,1,0,50.2165790028259,22.6817053389863
65.0,23.8282326100787,2,0,0,38.3541015205842,27.904715106308
66.0,31.4440350936517,1,1,0,43.8381927930471,48.9857504037271
67.0,27.8534849772404,1,1,0,47.6560525047094,45.7502239756444
68.0,30.2790059508824,0,0,1,70.891726184126,43.7366566856231
69.0,28.1606321662968,2,1,0,39.2740433390947,23.9953087579538
70.0,27.6751331641444,0,1,0,52.4141008355992,28.9581725979788
71.0,31.8548029192448,0,1,0,48.5704222123189,19.9713389034281
72.0,33.6414146577575,2,0,0,40.7957331177579,52.7268626789014
73.0,40.5608008488575,2,1,0,54.5950595416217,33.5221716971487
74.0,23.2135112845162,0,0,1,77.2101323900559,45.9657531871165
75.0,24.886949278329,1,1,0,43.0999654944649,20.9983252365239
76.0,35.1891709935938,0,1,0,60.7907230726924,43.1753622143048
77.0,28.0510022576158,2,1,0,54.7271045284372,51.4872769785101
78.0,23.0936718799008,0,1,0,58.52465333005,57.0991274432898
79.0,31.5777131638618,1,0,1,61.6156123611329,39.3598664507776
80.0,37.7662128425767,2,0,1,67.8693855921443,38.5281681026647
81.0,33.5394694231624,2,0,0,50.9293010517399,42.7137286485595
82.0,39.7869237757375,1,1,0,55.2761279633509,38.7183939461134
83.0,32.5227117679608,0,0,1,71.4419972674731,28.6646927026361
84.0,39.3226451024265,2,1,0,53.8259682524676,23.4266249878883
85.0,28.3009411129252,1,1,0,40.384614290605,32.9782513540323
86.0,24.3011029884338,0,1,0,48.6761925284229,34.0711826165499
87.0,28.9443825830987,0,1,0,59.6534758594317,42.9230984175471
88.0,35.951224681256,0,1,0,44.5009157393374,30.2130656219176
89.0,24.418956211072,0,1,1,65.6339459621707,48.8172257903791
90.0,33.1763706737356,0,0,1,66.801358228426,30.2543971869756
91.0,26.9929393686514,0,0,0,38.7478887111623,29.2949979629162
92.0,32.7559235591245,1,1,0,56.2688465749542,25.4111433154043
93.0,24.5007977264459,0,1,0,49.3707962077442,40.4198675707399
94.0,30.4299529664686,0,1,0,46.0267505878121,19.4056401437997
95.0,19.977183392046,2,0,0,51.8186278360093,41.991829708043
96.0,27.5345604117015,2,1,0,56.3033727698529,25.6365045958121
97.0,32.310240058996,2,1,0,43.107630924255,38.5419614353925
98.0,28.3949765390935,2,0,1,64.616624601614,30.8096042461869
99.0,36.1827782580096,1,1,0,26.9588402161887,35.2689164786526
100.0,26.8436017163743,1,0,0,60.6686554918647,33.0395749357809
