ID,TIMEDRS,ATTDRUG,ATTHOUSE,INCOME,EMPLMNT,MSTATUS,ETHNICITY
1,1,8,27,5,1,2,1
2,3,7,20,6,0,2,1
3,0,8,23,3,0,2,1
4,13,9,28,8,1,2,1
5,15,7,24,1,1,2,1
6,3,8,25,4,0,2,1
7,2,7,30,6,1,2,1
8,0,7,24,6,1,2,1
9,7,7,20,2,1,2,1
10,4,8,30,8,0,1,1
11,15,9,15,7,1,2,1
12,0,6,22,3,1,2,1
13,2,6,19,5,1,2,1
14,13,8,25,6,1,2,1
15,2,5,17,1,1,2,1
16,2,8,19,3,0,2,2
21,1,8,22,1,1,2,1
22,2,6,21,7,0,1,1
23,5,8,28,2,1,2,1
24,5,10,25,9,0,2,1
25,3,6,19,4,0,2,1
26,4,5,31,5,0,2,1
27,2,8,25,2,0,2,1
28,0,8,26,1,1,2,1
29,13,9,26,2,0,2,1
30,7,9,33,1,0,2,1
31,2,8,20,5,1,2,1
32,12,9,26,1,1,2,1
33,2,6,27,3,0,1,1
34,5,9,30,1,0,2,1
35,4,7,31,4,0,2,1
36,6,6,25,5,0,2,1
37,2,9,27,5,0,2,1
38,3,7,23,4,1,2,1
39,14,9,15,4,1,2,1
40,7,7,32,3,0,2,1
45,0,8,21,9,1,1,2
46,1,8,28,6,0,2,2
47,3,8,16,1,0,2,1
48,60,7,24,1,0,2,1
49,5,8,19,1,0,2,1
50,3,9,23,6,0,2,1
51,0,7,24,8,1,2,1
52,3,8,31,3,0,2,1
53,2,6,29,1,0,1,1
54,1,8,23,4,0,2,1
55,1,9,24,4,0,2,1
56,13,8,25,1,0,2,1
57,2,7,22,2,1,2,1
65,5,9,26,5,0,1,1
66,12,6,27,5,0,2,1
67,12,9,24,,1,2,1
68,1,9,27,6,0,2,1
69,20,9,24,6,1,2,1
70,0,6,23,4,1,2,1
71,5,7,25,4,0,2,1
72,0,7,22,6,0,2,2
73,8,10,25,9,0,1,2
74,9,8,15,3,0,2,1
75,10,8,28,6,0,1,1
76,1,10,25,3,0,2,1
77,5,8,22,7,0,1,1
78,5,8,21,3,0,2,1
79,23,6,29,,0,2,1
80,7,6,26,1,0,1,2
81,1,7,23,2,0,2,1
82,39,7,26,2,0,2,1
83,2,8,21,3,0,1,1
84,7,8,22,,0,2,1
85,9,7,31,5,0,1,1
86,0,5,35,5,1,2,1
87,4,8,28,5,1,2,1
88,16,10,28,5,1,2,1
89,0,7,20,5,1,2,1
90,16,8,24,3,0,2,1
91,33,9,25,1,1,2,1
95,4,7,25,,0,2,1
97,2,8,16,3,1,2,1
98,38,8,18,2,1,2,1
99,8,8,23,2,1,2,1
101,2,8,24,9,0,1,1
102,2,9,29,10,0,1,1
103,0,9,16,1,1,2,2
104,15,7,22,5,0,2,2
105,0,7,27,10,0,1,1
106,1,8,23,8,0,1,1
107,5,7,26,1,0,2,1
108,7,9,30,3,0,2,1
109,10,6,23,3,1,2,1
110,22,9,26,6,0,1,1
111,10,7,30,3,0,2,1
112,0,7,25,2,1,2,1
113,11,8,22,1,0,2,1
114,9,7,21,4,1,2,1
115,0,8,16,4,1,2,1
116,34,7,23,5,1,2,1
117,3,9,25,4,1,1,1
118,1,6,20,5,0,1,1
119,0,10,18,1,1,2,2
120,10,6,23,4,1,2,1
121,4,8,17,4,0,2,2
122,27,8,23,8,0,1,2
123,7,9,23,5,0,2,2
124,1,5,22,2,0,2,2
125,7,10,22,6,0,1,1
126,3,8,28,4,1,2,1
127,2,6,17,2,0,2,1
128,11,6,27,7,1,2,1
129,9,6,18,4,0,2,1
130,11,8,26,7,1,2,2
131,11,8,21,7,1,2,1
132,8,7,21,4,0,2,1
133,2,9,24,10,0,1,1
134,4,9,26,3,1,2,1
135,4,8,21,3,1,2,1
136,6,7,18,8,0,2,1
137,30,5,24,10,0,2,2
138,7,8,28,,1,1,1
139,15,7,26,1,1,2,1
140,6,7,25,8,1,2,2
141,7,7,23,5,0,2,1
142,2,9,22,3,0,2,1
143,1,7,19,5,0,2,1
144,5,7,26,3,0,2,1
145,1,9,29,3,0,2,1
146,11,6,20,4,1,2,1
148,16,10,20,1,1,2,1
149,2,7,19,5,0,2,1
150,14,5,24,4,1,2,1
151,8,7,21,3,0,2,1
152,17,8,32,1,1,2,1
153,1,8,18,3,1,2,1
154,0,6,22,1,1,2,1
155,1,9,27,8,0,1,2
156,1,6,21,,0,1,1
157,10,8,19,1,0,1,1
158,7,7,25,1,0,2,1
159,2,8,17,7,0,1,1
160,5,6,25,3,0,2,1
166,6,7,31,4,1,1,1
167,1,8,16,7,0,2,1
183,16,10,17,8,1,2,1
184,0,5,14,8,0,1,1
185,17,7,30,4,0,2,2
187,0,8,25,6,0,2,1
190,10,8,28,1,1,2,1
192,6,7,22,1,0,2,1
202,20,8,24,5,1,2,1
203,1,8,21,2,1,2,1
204,25,8,25,7,0,1,1
205,3,9,27,7,1,2,1
206,6,9,20,7,0,1,1
208,0,7,26,1,0,2,1
210,8,8,25,1,1,2,1
212,9,9,27,3,0,1,1
213,19,10,23,5,1,2,1
214,2,8,27,3,1,2,1
225,2,7,21,3,0,2,1
226,3,7,22,5,0,2,1
227,7,8,19,7,1,2,1
228,2,8,26,,1,2,1
229,8,6,25,4,0,2,1
230,49,8,34,4,0,2,1
231,2,8,27,1,1,2,2
232,1,8,22,3,0,2,1
233,5,6,14,3,0,2,1
234,5,8,29,1,0,2,1
235,60,10,29,4,1,1,1
236,10,7,26,6,1,2,1
237,27,8,17,7,1,2,1
238,7,9,22,3,1,2,1
239,8,7,20,,0,2,1
240,12,8,30,,1,2,1
241,2,7,17,,1,2,1
242,2,7,21,1,1,2,1
243,4,7,22,3,1,2,1
244,6,5,29,3,1,2,1
245,27,9,22,1,1,2,1
246,0,8,20,9,0,1,1
247,9,10,30,3,1,2,1
248,3,9,25,,1,2,1
249,0,8,18,5,0,2,1
250,2,6,19,4,1,2,1
251,3,8,24,3,1,2,1
252,5,8,22,4,1,2,1
253,5,9,21,8,0,1,2
254,1,9,29,1,1,2,1
255,7,9,22,1,0,2,1
258,4,8,26,7,1,2,1
259,3,7,19,6,0,1,1
260,7,8,23,8,0,1,1
261,1,7,19,9,0,1,1
262,52,9,31,4,1,2,2
263,6,7,26,2,0,2,1
264,18,7,23,4,1,2,1
265,14,7,29,,1,1,2
266,0,7,22,4,1,2,1
267,8,9,29,1,0,2,2
268,16,8,23,7,1,1,1
269,2,9,17,3,1,2,1
270,12,8,26,1,0,2,1
271,3,7,25,4,1,2,1
272,24,10,25,,1,2,1
273,0,9,19,4,0,1,1
274,0,7,16,3,1,2,1
276,57,9,24,2,1,2,1
277,11,9,29,3,0,2,1
278,1,8,20,6,1,2,1
279,18,6,25,2,0,2,1
280,1,5,16,6,1,1,1
289,11,9,35,4,1,2,1
290,0,8,24,7,1,2,1
291,52,8,19,1,0,2,1
292,12,7,25,4,0,1,1
293,6,6,29,3,0,2,1
294,0,7,25,3,0,1,1
295,2,8,29,2,1,2,1
299,2,8,20,6,1,2,1
300,13,10,25,1,1,1,1
301,2,7,31,4,1,2,1
302,3,6,33,5,0,2,1
303,2,9,24,2,1,2,1
304,2,7,26,4,0,2,1
305,1,7,20,7,1,1,1
306,2,7,17,4,0,2,1
307,3,8,25,7,0,1,1
308,1,9,24,3,0,2,1
309,5,5,27,10,0,1,1
310,6,7,25,10,1,1,1
311,1,7,28,7,0,1,1
312,2,8,29,1,0,2,1
313,3,6,27,4,1,2,1
314,7,10,24,4,1,2,1
315,7,6,23,7,1,2,1
316,0,8,19,3,1,2,1
317,7,8,23,,0,2,1
318,8,7,24,3,1,2,1
319,9,7,21,7,1,2,1
320,8,6,22,3,1,2,1
321,1,9,21,,1,2,1
322,14,9,30,2,1,2,1
323,2,9,32,1,0,2,1
324,4,7,21,3,0,2,1
325,8,8,19,10,1,1,1
326,3,8,24,4,1,2,1
327,10,8,28,1,1,2,1
328,21,10,28,10,1,1,1
329,6,7,29,7,1,2,1
330,58,7,29,4,0,2,1
335,12,8,23,4,0,1,1
336,5,7,26,1,0,2,1
337,2,9,22,1,0,2,1
338,2,6,,5,0,1,2
339,4,7,25,6,1,2,2
340,2,7,19,5,1,2,2
341,5,9,22,3,0,2,1
342,0,9,18,5,1,2,1
343,3,8,25,,1,2,2
344,7,9,23,5,0,2,1
345,1,9,19,8,0,2,2
346,2,8,2,1,0,1,1
347,1,6,26,5,0,2,1
348,4,6,24,3,0,2,1
349,4,7,30,4,0,2,1
355,4,8,30,5,0,2,1
357,2,8,22,3,0,2,1
358,0,8,26,7,0,2,1
359,13,6,30,4,0,2,1
361,3,8,25,5,1,2,1
362,1,8,24,5,0,2,1
363,4,7,23,3,1,2,1
365,1,8,18,4,0,2,1
367,3,7,23,4,1,2,1
369,1,6,34,4,0,2,1
370,57,8,23,4,1,2,1
372,1,8,13,1,0,2,2
374,17,9,27,7,1,2,1
378,11,7,21,3,0,2,1
379,43,6,28,7,1,1,1
380,6,9,28,7,0,1,1
381,6,8,20,6,0,1,1
382,1,9,21,1,1,2,1
383,0,7,25,9,0,1,1
384,10,6,27,9,0,1,1
385,3,9,23,10,1,2,1
386,37,9,25,6,0,1,1
387,6,8,22,2,0,2,1
392,11,7,24,9,1,1,1
397,4,7,15,3,0,2,2
398,75,9,33,9,0,1,1
399,7,9,24,5,0,2,1
400,3,6,29,7,0,1,2
401,3,7,21,3,0,2,1
402,3,7,26,2,1,2,1
403,4,8,29,4,0,1,1
404,5,9,21,1,0,2,1
405,2,10,21,1,1,2,1
406,4,7,18,5,0,1,1
407,2,8,2,4,0,1,1
413,11,9,28,2,1,1,1
414,0,6,20,6,1,2,1
417,2,7,27,4,1,2,1
418,4,8,23,6,1,2,1
420,6,9,27,,1,2,1
421,0,8,27,5,1,2,2
424,2,6,25,4,1,2,1
425,5,6,22,4,0,2,1
434,2,6,29,1,1,2,1
435,10,9,23,7,1,2,1
436,29,9,14,3,1,2,1
437,3,8,28,8,0,1,1
438,0,8,29,3,0,2,1
439,21,8,27,7,0,1,1
440,0,7,23,6,1,1,1
441,3,8,23,5,0,2,1
442,1,8,20,1,1,2,1
443,9,9,24,10,0,1,1
444,3,8,26,3,0,2,1
445,3,7,23,1,1,2,1
446,5,8,25,4,1,1,1
447,6,8,28,,0,2,1
448,4,9,16,4,0,2,1
451,16,5,29,1,0,1,1
452,3,9,25,9,1,1,1
453,13,9,22,,0,2,1
454,3,9,29,1,0,2,1
455,2,6,23,3,0,2,1
456,2,8,26,3,0,2,2
457,3,7,19,5,0,2,2
458,7,7,27,5,0,1,1
459,2,8,21,4,0,2,2
460,2,7,18,6,0,2,1
461,2,7,19,4,1,2,1
462,2,7,23,3,0,2,2
463,5,10,19,7,0,1,2
464,3,7,21,6,1,2,1
465,2,6,23,5,1,2,1
466,4,9,28,3,0,2,1
467,1,7,24,6,1,2,1
469,3,8,27,2,0,2,1
472,6,9,27,10,1,1,1
473,4,8,25,4,0,1,1
474,30,8,29,4,1,1,1
476,0,7,19,5,1,2,1
479,25,7,27,3,1,2,1
480,0,7,31,3,0,1,1
481,5,8,18,2,0,2,1
482,3,8,23,8,0,1,1
483,2,9,32,4,0,1,1
484,2,7,20,7,0,1,1
485,9,8,21,3,0,2,1
486,2,8,25,,1,2,1
487,13,6,21,4,1,2,1
488,1,8,22,3,1,2,1
489,4,9,29,4,0,2,1
490,4,7,23,1,0,1,1
491,3,9,20,1,0,2,1
492,7,9,21,1,1,2,1
493,7,8,26,1,0,2,1
494,14,6,21,2,0,2,1
495,4,7,24,1,0,2,1
496,15,6,26,6,1,2,1
497,37,9,30,2,0,2,1
498,2,7,18,2,0,2,1
499,4,7,22,2,1,2,1
500,6,9,25,4,1,2,1
501,10,6,21,4,1,2,1
502,56,8,19,3,1,2,1
503,3,10,23,5,1,2,1
504,0,9,22,1,1,2,1
505,18,7,21,1,0,2,1
506,3,9,22,3,1,2,1
507,18,7,24,4,0,2,1
508,7,8,18,4,0,2,1
509,29,8,18,5,0,2,1
510,0,5,24,4,1,2,1
511,5,6,25,8,1,1,1
512,4,8,19,,0,2,1
513,3,7,27,,0,2,1
514,6,7,29,2,0,2,1
515,21,9,22,2,1,2,1
516,1,8,25,1,1,2,1
517,3,7,27,3,1,2,1
518,3,8,26,6,0,1,2
519,0,7,28,1,0,2,1
520,13,10,19,2,1,2,1
521,5,6,23,9,0,1,1
522,5,8,33,4,0,2,1
523,37,7,24,10,1,1,1
524,2,8,28,4,0,2,1
525,11,8,28,4,1,2,1
526,13,7,24,9,1,2,1
527,2,9,21,4,1,2,1
528,4,9,31,3,1,2,1
529,21,9,23,2,0,2,1
530,2,10,26,4,1,2,1
533,4,8,26,3,1,2,1
534,3,8,26,3,0,2,2
535,3,8,24,4,1,2,1
536,12,8,18,3,1,2,1
538,1,7,21,5,0,1,1
539,4,7,19,2,0,2,1
540,13,7,17,8,0,1,1
547,2,7,24,1,0,2,1
548,81,8,24,9,0,1,1
549,12,7,31,10,1,1,1
550,2,8,19,6,1,2,1
551,16,7,28,4,1,2,1
552,27,8,23,,1,2,1
553,2,5,26,5,0,2,1
554,2,7,26,2,0,1,1
555,8,8,18,6,0,2,1
556,2,8,16,4,1,2,1
557,4,8,29,1,1,2,1
558,3,8,14,4,1,2,1
559,19,7,23,4,1,2,1
560,4,9,29,1,1,2,1
567,1,7,19,3,0,2,1
568,3,7,22,,1,2,1
569,15,6,20,1,1,2,1
570,4,8,22,,0,1,1
571,4,8,21,1,1,2,1
572,13,8,23,6,1,2,1
573,6,9,26,1,1,2,1
574,1,10,18,10,0,1,1
575,3,9,18,1,1,2,1
576,3,9,28,4,1,2,1
577,0,9,31,2,0,2,1
578,22,7,22,2,0,2,1
579,4,8,28,3,1,2,1
580,14,7,20,2,0,1,1
581,6,9,20,7,1,1,1
582,16,7,26,7,1,2,2
583,6,6,27,1,0,2,1
584,0,8,11,,1,2,2
585,8,6,26,7,0,2,1
586,0,7,27,6,0,2,1
587,4,7,16,4,0,2,1
588,5,6,12,4,0,2,1
589,2,8,20,3,1,2,1
590,6,8,19,6,0,1,1
591,11,8,26,7,1,2,1
592,1,7,20,3,0,2,1
593,23,7,22,7,0,1,1
683,4,8,30,6,0,2,1
685,4,9,25,1,0,2,1
686,16,9,23,6,0,1,1
687,6,7,22,8,1,1,1
688,1,9,24,5,0,2,1
689,2,6,23,4,0,1,1
690,6,9,27,3,0,2,1
691,6,6,28,3,1,2,1
706,3,7,24,3,1,2,1
707,1,7,17,4,0,2,1
708,15,9,22,10,1,2,1
709,3,6,23,4,1,2,1
710,7,8,16,3,0,2,1
711,9,6,18,2,1,2,1
717,18,6,21,4,1,2,1
724,14,9,19,3,1,2,1
754,3,6,17,3,0,2,1
755,4,8,17,3,1,2,1
756,15,10,19,8,1,2,1
757,4,8,23,2,1,2,1
758,3,8,18,4,1,2,1
