Gender,Age,Education,MaritalStatus,EthnicOrigin,Religion,Income,Dokha1,dokha_total2,Fagerstrom_total,Negative_UrgencyUPPS,Lack_of_PremediationUPPS,Lack_of_PerseveranceUPPS,Sensation_SeekingUPPS,Positive_UrgencyUPPS,DRIVE,FUN,RR,BAS,BIS
2,18,1,1,6,1,0,0,0,0,34,24,28,28,36,13,8,13,34,18
1,18,1,1,1,2,0,1,0,0,34,18,22,34,35,12,14,20,46,22
1,18,1,1,2,5,1,1,6,0,36,27,24,47,32,12,16,19,47,17
2,23,1,1,6,1,1,1,0,5,28,28,21,37,34,13,14,17,44,19
2,23,1,1,1,2,0,1,6,2,37,22,24,37,46,15,14,20,49,26
1,21,1,1,1,2,0,0,0,0,21,17,14,43,20,15,11,20,46,24
1,19,1,1,6,1,0,0,0,0,39,32,22,45,32,14,16,20,50,18
2,18,1,1,2,5,0,0,0,0,17,14,14,19,14,14,6,20,40,28
1,18,1,1,1,1,1,1,6,7,,,,,,,,,,
1,19,2,1,2,2,2,1,6,1,30,21,22,45,39,10,10,17,37,13
1,18,1,1,2,5,0,1,7,0,444,22,22,33,41,16,16,20,52,24
1,18,2,1,2,2,0,1,6,2,32,27,19,41,39,11,13,14,38,19
1,20,1,1,2,5,0,1,6,4,36,24,27,34,44,16,15,18,49,23
1,18,1,1,7,2,0,0,0,0,35,16,19,42,45,13,13,20,46,25
2,21,1,1,4,2,4,1,4,0,320,24,18,34,47,10,12,19,41,27
1,19,1,1,9,2,0,1,5,5,32,30,24,41,44,14,14,20,48,14
2,20,2,1,2,5,1,0,0,0,16,17,19,23,20,8,10,15,33,25
2,19,1,1,1,2,0,1,5,2,27,27,25,39,34,8,13,20,41,25
1,19,2,1,1,2,0,0,0,0,20,13,22,33,25,12,12,18,42,21
1,20,1,1,9,6,0,1,7,0,40,34,26,32,49,9,10,17,36,20
1,19,2,1,2,1,4,1,7,1,35,22,27,43,45,10,8,18,36,23
2,18,1,1,2,1,0,0,0,0,28,25,27,31,34,10,12,18,40,22
2,19,1,1,2,1,0,0,0,0,42,14,17,45,48,16,16,20,52,25
2,19,1,1,2,2,0,0,0,0,31,15,17,33,34,9,12,18,39,26
2,18,1,1,2,1,0,0,0,0,33,15,19,27,32,13,11,14,38,21
1,26,1,1,1,2,4,0,0,0,28,22,13,45,18,12,16,19,47,18
2,22,1,1,7,1,0,0,0,0,35,26,26,17,15,10,10,16,36,23
1,18,1,1,4,2,0,1,1,0,25,15,22,40,27,13,15,20,48,15
1,20,1,1,2,5,0,1,3,0,34,22,19,40,25,13,13,19,45,23
1,21,1,1,2,5,0,1,3,0,32,23,17,40,26,15,15,20,50,19
1,18,1,1,4,6,0,1,7,2,48,32,20,40,56,15,14,19,48,21
1,19,1,1,4,2,0,1,2,6,24,15,14,35,16,12,12,19,43,20
1,21,1,1,2,5,0,1,3,5,23,17,12,42,26,7,12,17,36,20
2,19,2,1,4,2,0,0,0,0,19,20,14,35,17,7,12,16,35,23
2,19,1,1,4,2,1,1,0,0,34,12,12,42,22,16,13,20,49,27
2,19,1,1,9,2,0,0,0,0,38,19,20,26,19,12,11,20,43,25
2,19,2,1,4,2,1,1,0,0,42,14,17,46,55,15,14,15,44,19
1,28,2,1,1,1,5,1,0,0,25,21,19,35,31,10,13,19,42,20
2,26,2,1,2,1,2,1,0,0,27,28,26,31,30,9,11,14,34,19
2,29,2,1,2,2,5,0,0,0,26,20,21,26,23,11,9,19,39,18
1,29,3,1,6,1,4,1,0,0,37,16,12,48,31,12,13,20,45,20
1,28,2,1,6,6,4,0,0,0,28,20,23,22,21,11,9,18,38,25
2,26,2,1,1,2,1,0,0,0,24,22,22,39,29,10,12,16,38,19
2,25,2,1,1,2,1,1,0,4,27,17,16,34,29,15,14,20,49,20
1,23,2,1,1,2,4,1,7,2,26,13,18,39,26,13,16,18,47,22
1,24,2,1,6,1,4,0,0,0,23,21,23,43,17,12,12,20,44,17
2,28,3,1,7,1,4,0,0,0,28,19,16,30,29,12,9,20,41,21
1,28,2,2,1,1,2,1,4,0,20,28,20,34,17,11,10,14,35,17
2,25,2,1,1,1,4,0,0,0,31,24,12,42,26,13,15,18,46,25
2,24,2,1,1,2,4,0,0,0,29,22,21,30,27,10,14,16,40,27
2,25,2,1,1,1,2,0,0,0,18,26,20,33,19,14,12,16,42,15
2,26,6,1,4,1,4,1,4,0,30,19,14,47,35,14,14,20,48,21
1,27,2,2,1,2,4,0,0,0,31,16,15,28,24,12,10,19,41,18
2,28,3,3,1,6,2,0,0,0,22,16,20,42,27,14,13,20,47,22
2,28,3,2,1,2,0,0,0,0,35,24,18,36,30,11,13,18,42,23
2,26,6,1,4,1,3,0,0,0,18,17,17,34,19,12,12,18,42,21
2,27,2,1,4,1,3,0,0,4,29,22,23,35,29,13,13,19,45,18
2,27,3,2,1,1,4,0,0,2,39,18,21,31,31,11,12,19,42,26
1,27,2,1,6,6,4,1,4,0,23,26,23,36,27,12,12,15,39,14
2,29,2,1,6,1,4,1,0,0,29,27,30,45,19,10,16,15,41,18
2,25,2,1,1,1,4,0,0,0,25,16,15,25,23,16,14,20,50,22
1,24,3,1,6,1,3,0,0,0,23,24,18,45,28,12,15,18,45,16
1,24,3,1,6,1,4,1,4,4,27,18,17,40,32,14,13,20,47,22
2,29,3,2,1,6,5,0,0,0,19,14,15,32,22,15,10,20,45,13
2,21,2,1,1,1,1,0,0,0,30,13,11,33,29,16,12,20,48,27
2,30,3,2,1,6,2,0,0,0,25,24,23,21,20,12,8,18,38,26
2,23,3,1,1,2,1,1,0,6,39,19,25,24,29,11,10,20,41,28
1,30,2,1,5,6,5,0,0,0,22,19,21,23,29,8,7,15,30,26
1,22,2,1,1,2,0,1,0,0,40,26,22,47,31,14,15,20,49,19
1,28,2,2,6,6,5,0,0,0,20,27,17,38,20,12,13,19,44,19
2,30,3,1,1,2,4,0,0,0,18,24,19,35,23,14,12,16,42,15
2,30,2,1,1,1,5,0,0,0,21,14,14,38,20,14,13,20,47,23
1,20,1,1,1,2,1,1,7,7,36,18,14,48,30,16,15,20,51,17
2,20,1,1,1,2,0,1,8,5,40,23,24,37,36,14,13,19,46,21
2,21,1,1,2,2,0,1,3,3,32,31,27,29,30,13,11,15,39,17
1,22,1,1,8,6,0,1,6,3,36,19,24,31,42,11,11,19,41,25
2,18,1,1,7,2,0,1,4,1,40,23,23,28,33,12,16,19,47,23
1,20,2,1,2,5,0,1,4,1,31,23,21,40,38,12,14,16,42,20
1,18,1,1,4,5,0,0,0,0,27,24,29,25,35,9,12,14,35,17
1,19,1,1,6,6,5,0,0,0,33,22,17,32,31,10,10,19,39,22
1,19,1,1,2,1,1,0,0,0,27,15,18,31,30,12,13,17,42,17
1,18,1,1,7,6,0,1,4,0,29,20,21,37,35,12,13,15,40,16
1,28,1,1,6,6,0,1,5,1,41,34,29,27,42,8,11,14,33,19
2,23,1,1,1,2,3,1,6,9,26,30,29,25,27,14,14,16,44,21
1,21,2,1,4,2,2,1,3,3,30,24,21,44,40,13,12,13,38,15
1,18,1,1,2,5,0,1,2,2,35,17,20,45,50,15,11,15,41,19
2,18,1,1,6,6,1,1,7,4,36,26,21,34,43,13,16,20,49,22
2,19,1,1,1,2,0,1,8,6,36,20,18,39,45,16,12,16,44,15
1,20,1,1,1,2,0,1,7,9,38,25,23,47,37,12,16,20,48,17
1,19,1,1,2,5,1,1,7,7,33,12,12,41,29,16,11,20,47,24
2,20,1,1,1,2,0,1,7,0,42,23,21,40,34,12,13,20,45,25
1,22,1,1,1,2,1,1,6,9,47,34,31,46,51,10,16,20,46,17
2,20,1,1,1,2,0,0,0,0,24,11,11,32,29,16,8,20,44,26
2,21,1,1,1,2,0,0,0,0,29,22,22,36,30,12,11,19,42,27
1,20,1,1,1,2,0,1,0,0,36,21,20,33,31,12,10,19,41,26
2,20,6,4,9,6,0,1,0,4,16,49,25,28,30,9,10,12,31,10
1,18,1,4,1,6,2,1,6,1,25,24,21,27,44,6,9,15,30,15
1,19,1,1,6,6,0,1,5,0,27,18,22,43,39,14,15,18,47,19
2,18,1,1,5,1,0,0,0,0,38,26,24,43,30,10,15,19,44,13
2,18,1,1,1,2,1,1,7,9,37,16,23,42,49,10,16,18,44,9
2,21,1,1,1,2,1,0,0,0,24,11,10,28,27,13,5,18,36,27
1,19,1,1,1,2,1,1,8,5,35,26,23,36,41,12,15,17,44,16
1,23,2,1,6,1,2,1,7,9,46,30,29,45,54,12,16,17,45,12
2,22,1,1,1,2,0,0,0,0,31,12,11,38,29,16,11,20,47,27
1,18,1,1,2,5,0,1,8,5,42,22,21,47,39,12,15,20,47,18
1,20,1,1,1,1,1,1,7,6,45,25,23,47,51,12,16,18,46,16
2,25,3,1,1,1,5,0,0,0,18,24,12,29,16,15,10,18,43,25
1,28,4,1,1,1,5,0,0,0,15,23,16,34,15,12,12,16,40,22
1,21,1,1,1,6,0,1,0,1,35,32,30,39,34,9,16,16,41,17
1,25,2,1,1,6,5,0,0,0,21,15,12,48,21,15,15,20,50,15
2,22,2,1,1,1,0,0,0,0,38,14,24,28,25,11,9,18,38,27
1,21,1,1,1,2,0,1,7,0,46,31,27,46,54,11,16,18,45,8
1,20,1,1,1,2,0,1,7,6,44,24,22,47,44,12,16,19,47,17
2,18,1,1,1,2,0,1,7,2,45,50,22,47,51,16,16,20,52,20
2,18,1,1,1,2,0,1,7,6,35,30,25,40,41,13,16,20,49,22
2,23,1,1,1,2,0,1,0,2,31,22,20,44,34,13,14,15,42,21
1,19,1,1,9,2,0,1,3,0,30,20,20,34,29,11,8,20,39,26
1,19,1,1,9,2,0,1,8,6,38,16,13,47,33,16,14,20,50,26
2,21,1,1,1,2,2,1,8,8,34,22,22,36,42,13,16,19,48,24
2,19,1,1,6,1,0,1,8,8,47,24,25,47,54,12,16,19,47,11
1,21,1,1,1,2,0,0,0,0,29,13,11,29,28,16,8,20,44,27
1,19,1,1,1,2,0,1,7,0,33,13,13,42,31,16,12,20,48,25
1,18,1,1,1,2,0,1,7,0,41,22,23,40,42,14,16,20,50,11
1,19,1,1,1,6,0,1,7,0,45,22,24,46,54,14,16,20,50,8
1,22,1,1,1,2,0,1,8,10,42,23,22,46,30,12,15,20,47,25
1,19,1,1,1,2,0,1,8,1,40,12,12,48,31,16,16,20,52,23
2,18,1,1,6,6,0,1,6,0,28,31,19,39,28,8,11,14,33,22
1,18,6,1,9,1,0,1,8,7,27,27,27,33,35,12,13,15,40,19
1,18,1,1,8,6,0,1,6,0,33,18,17,42,45,14,15,19,48,22
1,20,1,1,1,2,0,1,7,0,24,27,24,32,31,7,10,17,34,14
2,20,1,1,1,2,0,0,0,0,33,16,14,33,33,16,8,20,44,26
1,18,1,1,1,2,0,1,8,7,42,24,22,47,30,12,16,20,48,14
1,21,1,1,5,2,2,1,7,10,42,26,30,45,31,10,15,20,45,12
2,19,1,1,1,2,0,0,0,0,33,11,12,33,29,16,8,20,44,27
1,24,2,1,1,1,1,1,0,0,44,24,24,47,45,12,16,20,48,7
1,19,1,1,7,2,0,1,6,7,44,23,25,42,44,12,16,19,47,16
1,18,1,1,1,1,0,1,8,9,45,24,29,44,55,12,16,19,47,16
1,19,1,1,6,6,0,1,6,2,20,23,20,33,17,7,10,15,32,19
2,18,1,1,5,1,5,1,6,2,34,22,22,36,41,13,16,13,42,17
1,22,2,1,1,1,1,0,0,0,46,24,22,45,46,11,7,12,30,17
1,20,1,1,1,2,0,1,7,7,29,25,25,32,34,11,13,16,40,15
2,22,2,1,9,2,1,0,0,0,32,16,15,35,31,9,14,20,43,22
1,24,1,1,1,1,4,1,7,10,43,31,29,45,45,12,16,20,48,8
2,23,1,1,1,2,3,0,0,0,29,14,14,28,28,12,7,20,39,28
1,23,1,1,1,1,4,0,0,0,31,17,12,48,32,16,14,20,50,24
1,27,3,1,1,1,4,1,5,6,32,28,14,48,33,16,14,20,50,7
1,24,1,1,1,2,4,1,6,2,38,11,11,45,31,16,11,20,47,20
2,28,3,2,1,1,4,0,0,5,32,24,20,36,32,12,11,18,41,18
1,20,1,1,2,5,0,1,0,0,33,19,18,44,36,10,12,16,38,18
2,26,2,1,4,1,3,0,0,0,33,21,21,40,35,12,13,16,41,21
2,25,2,1,1,1,2,1,4,2,38,34,25,47,39,15,16,18,49,24
1,25,2,1,1,1,2,0,0,0,21,21,16,33,29,10,11,14,35,18
2,26,2,1,1,2,2,0,0,0,27,15,12,29,16,16,15,20,51,24
2,24,2,1,8,1,1,0,0,0,37,22,21,34,41,12,12,15,39,19
2,24,2,1,1,6,3,1,5,0,15,12,13,31,15,6,8,16,30,19
2,24,2,1,1,1,2,0,0,0,35,26,26,25,30,13,10,19,42,21
2,24,2,1,1,1,5,0,0,0,16,11,20,22,16,6,4,13,23,21
1,25,3,1,1,2,2,1,1,1,23,24,20,39,33,12,12,15,39,19
1,23,2,1,1,1,2,0,0,0,23,25,21,26,24,9,9,13,31,16
1,24,2,1,1,2,2,0,0,0,21,25,23,36,21,12,15,16,43,23
1,30,2,1,1,2,4,1,5,1,22,20,21,36,23,13,13,18,44,16
1,26,2,1,1,2,4,1,6,2,32,17,17,38,31,13,15,18,46,16
2,28,2,1,1,6,4,0,0,6,38,14,13,41,29,16,14,19,49,21
2,21,2,1,9,2,1,0,0,0,32,24,20,43,39,13,13,17,43,17
1,24,2,1,6,1,4,1,7,3,42,33,21,45,46,13,15,15,43,22
2,26,2,1,1,1,4,0,0,0,37,18,13,38,30,15,12,18,45,25
2,27,3,1,1,1,4,1,0,3,41,22,22,45,31,12,16,19,47,26
2,20,1,1,1,2,1,0,0,3,38,20,22,33,30,12,12,17,41,24
1,27,2,1,6,1,3,0,0,1,30,15,15,45,29,16,13,19,48,21
2,27,6,1,8,6,5,0,0,1,24,18,17,23,24,11,9,16,36,20
2,23,2,1,1,1,4,0,0,0,25,24,20,31,30,9,11,14,34,18
2,25,2,1,1,1,5,0,0,0,16,14,17,29,16,12,10,18,40,20
2,22,2,1,1,2,2,0,0,0,31,13,12,27,29,15,10,20,45,27
1,25,2,1,1,1,4,1,0,2,43,22,20,47,38,12,16,19,47,20
1,21,1,1,1,2,2,1,7,6,45,24,19,48,44,12,16,17,45,15
2,26,1,1,1,2,4,0,0,2,38,19,20,37,31,12,13,18,43,24
1,28,2,1,1,2,2,1,5,0,32,33,28,40,23,11,13,19,43,24
2,27,2,1,1,1,4,1,0,1,13,14,15,25,17,15,11,18,44,25
1,23,2,1,1,1,2,1,4,1,33,28,26,32,38,11,11,12,34,20
2,25,2,1,1,1,4,0,0,0,35,16,12,43,30,16,11,20,47,28
2,25,2,1,7,1,4,1,4,0,23,26,27,39,22,7,12,15,34,17
2,30,2,1,1,1,2,0,0,2,29,19,20,34,31,15,14,17,46,22
1,28,3,1,1,1,2,1,5,0,30,25,22,36,37,10,14,17,41,19
2,29,2,2,1,6,2,1,0,2,21,21,16,20,15,10,11,16,37,22
1,28,3,1,1,1,2,1,5,4,28,23,28,36,35,11,12,15,38,20
1,30,3,1,1,1,3,1,4,0,19,26,11,32,14,,,,,
1,26,2,1,1,1,4,1,0,6,40,29,23,47,42,12,16,17,45,15
2,28,3,1,1,1,4,0,0,0,31,14,11,36,29,16,12,20,48,27
2,26,2,1,1,2,4,0,0,7,36,18,14,47,30,12,15,20,47,25
1,25,3,3,1,2,4,1,1,0,19,24,16,35,23,11,11,17,39,24
1,24,2,1,2,5,3,1,7,8,46,29,26,47,44,12,16,17,45,14
