"id","condition","week_1","week_2","week_3","week_4","week_5","week_6","week_7","week_8"
1,"Control",50,50,49,49,51,46,50,49
2,"Control",51,47,49,46,49,50,52,48
3,"Control",46,46,52,51,45,53,47,49
4,"Control",34,37,39,36,35,34,37,37
5,"Control",43,39,44,42,39,40,43,42
6,"Control",46,49,45,47,48,51,45,45
7,"Control",39,45,44,45,43,42,40,44
8,"Control",46,44,43,43,48,42,53,46
9,"Control",37,34,35,46,42,36,36,31
10,"Control",44,45,55,49,53,58,51,55
11,"Control",45,49,45,47,39,50,48,46
12,"Control",47,46,50,50,50,48,49,51
13,"Control",43,46,49,42,45,38,47,45
14,"Control",37,40,39,44,41,35,42,40
15,"Control",57,51,52,54,53,51,57,57
16,"Control",35,36,30,38,39,35,42,35
17,"Control",44,40,39,47,39,38,35,41
18,"Control",37,46,40,40,37,44,40,44
19,"Control",59,59,61,59,64,56,60,62
20,"Control",50,39,43,38,40,42,49,43
21,"Control",51,51,52,53,51,49,47,52
22,"Control",37,34,37,38,41,34,35,41
23,"Control",40,39,43,37,37,41,45,40
24,"Control",44,46,46,43,46,40,47,46
25,"Control",51,48,48,47,49,55,48,49
26,"Control",38,46,44,40,42,42,38,41
27,"Control",47,51,51,50,44,53,47,50
28,"Control",42,46,46,46,44,44,50,45
29,"Control",48,51,50,47,48,46,39,45
30,"Control",61,58,55,64,59,57,59,58
31,"Control",38,41,42,39,44,38,42,42
32,"Control",49,62,56,52,52,50,51,57
33,"Control",48,52,49,53,53,52,53,51
34,"Control",59,62,57,59,56,57,62,53
35,"Control",45,43,44,44,49,48,46,45
36,"Control",49,48,46,47,51,49,47,47
37,"Control",52,44,46,47,49,44,45,46
38,"Control",54,45,50,46,52,53,52,47
39,"Control",47,47,55,45,54,51,48,50
40,"Control",46,50,43,47,42,38,44,43
41,"Sleep hygiene",49,52,50,57,56,53,58,61
42,"Sleep hygiene",50,49,49,51,60,60,64,57
43,"Sleep hygiene",50,54,51,54,53,56,62,54
44,"Sleep hygiene",66,64,66,68,70,70,70,70
45,"Sleep hygiene",47,49,51,48,53,54,52,59
46,"Sleep hygiene",42,43,42,47,52,43,44,50
47,"Sleep hygiene",50,48,52,50,58,53,52,61
48,"Sleep hygiene",37,43,45,47,49,51,44,54
49,"Sleep hygiene",39,46,39,45,46,44,49,45
50,"Sleep hygiene",44,43,45,49,38,46,47,53
51,"Sleep hygiene",46,53,46,47,50,49,53,51
52,"Sleep hygiene",52,52,54,59,59,62,64,59
53,"Sleep hygiene",53,48,55,57,60,55,57,57
54,"Sleep hygiene",39,39,41,43,44,41,43,52
55,"Sleep hygiene",44,36,46,45,51,48,49,50
56,"Sleep hygiene",34,30,32,36,39,34,36,43
57,"Sleep hygiene",51,44,47,46,45,50,47,56
58,"Sleep hygiene",34,35,38,41,41,43,47,44
59,"Sleep hygiene",39,41,42,43,42,40,44,38
60,"Sleep hygiene",55,54,48,55,57,54,55,63
61,"Sleep hygiene",42,43,44,45,51,44,53,54
62,"Sleep hygiene",49,49,46,47,50,49,54,56
63,"Sleep hygiene",50,48,51,56,52,48,52,57
64,"Sleep hygiene",45,44,42,41,50,51,49,54
65,"Sleep hygiene",38,47,47,47,44,47,51,52
66,"Sleep hygiene",39,42,51,43,48,39,49,50
67,"Sleep hygiene",41,43,44,49,48,52,52,51
68,"Sleep hygiene",38,38,40,42,35,45,46,53
69,"Sleep hygiene",50,51,51,53,54,48,58,61
70,"Sleep hygiene",49,55,55,48,58,54,64,50
71,"Sleep hygiene",41,41,38,44,38,42,46,47
72,"Sleep hygiene",60,56,59,58,67,67,59,68
73,"Sleep hygiene",48,43,46,45,52,55,48,50
74,"Sleep hygiene",45,41,48,51,51,49,49,49
75,"Sleep hygiene",31,37,38,43,39,43,44,41
76,"Sleep hygiene",41,46,50,52,48,56,48,55
77,"Sleep hygiene",43,41,37,43,39,43,42,45
78,"Sleep hygiene",46,50,48,49,52,55,54,56
79,"Sleep hygiene",47,38,48,51,50,52,55,54
80,"Sleep hygiene",52,50,57,57,62,55,60,59
81,"Mindfulness",42,48,42,45,44,45,44,44
82,"Mindfulness",32,35,34,32,35,37,35,37
83,"Mindfulness",47,48,50,47,54,54,59,58
84,"Mindfulness",49,50,46,48,54,51,54,56
85,"Mindfulness",52,56,51,58,56,55,59,60
86,"Mindfulness",43,41,47,42,48,49,50,50
87,"Mindfulness",47,49,47,53,50,55,51,55
88,"Mindfulness",45,51,51,46,49,48,54,59
89,"Mindfulness",42,43,39,45,42,42,48,46
90,"Mindfulness",35,34,34,36,36,38,37,36
91,"Mindfulness",40,40,42,43,40,45,44,46
92,"Mindfulness",47,44,44,54,52,48,53,53
93,"Mindfulness",46,46,47,48,51,54,46,52
94,"Mindfulness",35,37,38,38,38,34,44,40
95,"Mindfulness",40,43,51,46,52,44,49,53
96,"Mindfulness",41,38,37,42,42,40,40,47
97,"Mindfulness",55,52,53,57,56,55,53,56
98,"Mindfulness",48,49,49,45,48,46,55,57
99,"Mindfulness",43,37,50,45,49,49,45,43
100,"Mindfulness",50,50,56,47,53,52,54,52
101,"Mindfulness",38,43,43,46,41,39,42,48
102,"Mindfulness",54,55,59,57,59,54,55,57
103,"Mindfulness",38,35,40,47,40,41,46,49
104,"Mindfulness",34,33,37,33,32,37,37,36
105,"Mindfulness",40,43,38,42,46,39,44,48
106,"Mindfulness",43,40,46,49,49,47,45,47
107,"Mindfulness",43,45,46,48,50,44,52,49
108,"Mindfulness",40,38,39,44,45,43,46,46
109,"Mindfulness",44,46,45,48,46,47,48,44
110,"Mindfulness",51,51,51,48,47,55,53,52
111,"Mindfulness",43,48,50,50,48,50,55,52
112,"Mindfulness",44,48,44,48,48,52,53,55
113,"Mindfulness",44,39,35,40,45,37,42,41
114,"Mindfulness",46,54,47,43,49,51,52,56
115,"Mindfulness",60,59,53,56,60,59,60,60
116,"Mindfulness",37,36,41,46,44,47,49,44
117,"Mindfulness",62,55,60,68,61,58,59,67
118,"Mindfulness",48,52,51,50,50,57,57,58
119,"Mindfulness",34,36,33,37,39,39,39,44
120,"Mindfulness",39,40,39,34,40,42,38,49
