"id","strategy","recall"
1,"Retrieval practice",19
2,"Re-reading",8
3,"Concept mapping",11
4,"Retrieval practice",24
5,"Concept mapping",13
6,"Retrieval practice",16
7,"Concept mapping",16
8,"Concept mapping",14
9,"Retrieval practice",20
10,"Concept mapping",18
11,"Re-reading",7
12,"Retrieval practice",14
13,"Re-reading",16
14,"Re-reading",13
15,"Retrieval practice",17
16,"Re-reading",11
17,"Re-reading",12
18,"Re-reading",2
19,"Retrieval practice",15
20,"Concept mapping",11
21,"Concept mapping",14
22,"Re-reading",16
23,"Retrieval practice",19
24,"Re-reading",9
25,"Retrieval practice",18
26,"Re-reading",10
27,"Retrieval practice",25
28,"Concept mapping",16
29,"Retrieval practice",11
30,"Re-reading",2
31,"Re-reading",11
32,"Retrieval practice",18
33,"Concept mapping",10
34,"Concept mapping",12
35,"Concept mapping",10
36,"Concept mapping",20
37,"Re-reading",14
38,"Concept mapping",16
39,"Re-reading",19
40,"Concept mapping",17
41,"Concept mapping",9
42,"Re-reading",21
43,"Retrieval practice",20
44,"Retrieval practice",18
45,"Concept mapping",16
46,"Retrieval practice",14
47,"Re-reading",15
48,"Concept mapping",18
49,"Retrieval practice",14
50,"Retrieval practice",29
51,"Concept mapping",19
52,"Retrieval practice",24
53,"Re-reading",12
54,"Concept mapping",11
55,"Re-reading",22
56,"Re-reading",10
57,"Retrieval practice",23
58,"Re-reading",8
59,"Re-reading",10
60,"Concept mapping",17
61,"Concept mapping",11
62,"Retrieval practice",18
63,"Concept mapping",11
64,"Concept mapping",11
65,"Retrieval practice",26
66,"Re-reading",21
67,"Re-reading",20
68,"Retrieval practice",23
69,"Concept mapping",14
70,"Concept mapping",21
71,"Re-reading",16
72,"Retrieval practice",11
73,"Re-reading",13
74,"Retrieval practice",21
75,"Concept mapping",13
76,"Re-reading",12
77,"Concept mapping",18
78,"Concept mapping",19
79,"Re-reading",12
80,"Re-reading",14
81,"Retrieval practice",19
82,"Retrieval practice",22
83,"Concept mapping",10
84,"Retrieval practice",21
85,"Retrieval practice",15
86,"Retrieval practice",12
87,"Concept mapping",16
88,"Re-reading",14
89,"Re-reading",13
90,"Retrieval practice",30
